City_ID,City,Country,Lat,Lng,Max Temp,Humidity,Cloudiness,Wind Speed,Current Description
0,Vaini,TO,-21.2,-175.2,84.36,65,40,12.66,scattered clouds
1,Jamestown,US,42.097,-79.2353,36.72,89,71,1.01,broken clouds
2,Lumeje,AO,-11.55,20.7833,64.35,95,100,2.37,overcast clouds
3,Arraial Do Cabo,BR,-22.9661,-42.0278,72.3,82,4,9.98,clear sky
4,Bluff,NZ,-46.6,168.3333,52.81,77,100,10.8,light rain
5,Kwekwe,ZW,-18.9281,29.8149,70.81,44,12,4.32,few clouds
6,Bredasdorp,ZA,-34.5322,20.0403,59.29,95,100,19.08,moderate rain
7,Albany,US,42.6001,-73.9662,36.68,77,35,7.92,scattered clouds
8,Cape Town,ZA,-33.9258,18.4232,63.12,86,75,12.66,broken clouds
9,Mataura,NZ,-46.1927,168.8643,52.48,99,100,4.97,light rain
10,Sitka,US,57.0531,-135.33,32.85,86,100,0.94,light snow
11,Barrow,US,71.2906,-156.7887,5.77,87,83,14.67,broken clouds
12,Kushmurun,KZ,52.4503,64.6311,23.86,94,88,12.08,overcast clouds
13,Avarua,CK,-21.2078,-159.775,78.85,89,20,4.61,few clouds
14,Galveston,US,29.3669,-94.9669,71.22,93,93,8.28,overcast clouds
15,Atar,MR,20.5169,-13.0499,68.76,16,91,8.61,overcast clouds
16,Busselton,AU,-33.65,115.3333,86.09,31,45,10.45,scattered clouds
17,Cariacica,BR,-20.2639,-40.42,72.79,91,75,2.3,broken clouds
18,Dikson,RU,73.5069,80.5464,-8.07,98,100,23.8,light snow
19,Longyearbyen,SJ,78.2186,15.6401,19.24,73,75,17.27,broken clouds
20,Hilo,US,19.7297,-155.09,68.25,93,90,3.44,light rain
21,Clyde River,CA,70.4692,-68.5914,12.43,85,100,34.52,snow
22,Rikitea,PF,-23.1203,-134.9692,76.05,73,92,9.19,overcast clouds
23,Kavieng,PG,-2.5744,150.7967,81.46,82,100,16.64,moderate rain
24,Tautira,PF,-17.7333,-149.15,82.0,73,26,13.11,scattered clouds
25,Lakhdenpokhya,RU,61.5198,30.1992,13.82,87,48,9.4,scattered clouds
26,Hithadhoo,MV,-0.6,73.0833,81.86,79,70,13.85,broken clouds
27,Sven,RU,53.1822,34.5511,26.71,92,100,4.72,overcast clouds
28,Chase,CA,50.8165,-119.6857,27.39,97,75,1.86,broken clouds
29,New Norfolk,AU,-42.7826,147.0587,75.65,28,1,5.01,clear sky
30,Areia Branca,BR,-4.9561,-37.1369,78.53,81,22,14.52,few clouds
31,Santa Pola,ES,38.1917,-0.5658,59.67,60,40,8.05,scattered clouds
32,Kizukuri,JP,40.8061,140.3861,39.11,54,97,12.88,overcast clouds
33,Butaritari,KI,3.0707,172.7902,83.14,79,100,18.59,overcast clouds
34,Yeppoon,AU,-23.1333,150.7333,87.58,65,7,14.45,clear sky
35,Formosa Do Rio Preto,BR,-11.0483,-45.1931,67.87,97,98,2.24,overcast clouds
36,Wajima,JP,37.4,136.9,41.68,60,75,5.75,broken clouds
37,Beyneu,KZ,45.3167,55.2,29.68,85,5,10.09,clear sky
38,Santo Tomas,PH,14.1079,121.1414,82.58,58,94,14.0,overcast clouds
39,Port Alfred,ZA,-33.5906,26.891,68.27,93,100,25.41,light rain
40,Fukue,JP,32.6881,128.8419,55.76,67,75,4.61,broken clouds
41,Yellowknife,CA,62.456,-114.3525,-25.08,75,75,5.75,light snow
42,Sorsk,RU,54.0033,90.2467,17.76,88,86,4.05,overcast clouds
43,Kaitangata,NZ,-46.2817,169.8464,49.48,94,100,12.08,light rain
44,Chuy,UY,-33.6971,-53.4616,63.09,94,92,7.16,overcast clouds
45,Bambous Virieux,MU,-20.3428,57.7575,81.21,65,17,10.71,few clouds
46,Waddan,LY,29.1614,16.139,46.67,74,0,3.31,clear sky
47,Opuwo,NA,-18.0607,13.84,64.06,27,69,1.3,broken clouds
48,Moree,AU,-29.4667,149.85,86.13,32,27,11.59,scattered clouds
49,Pangai,TO,-19.8,-174.35,80.06,81,26,18.9,light rain
50,Tilichiki,RU,60.4667,166.1,2.17,95,100,11.41,light snow
51,Thompson,CA,55.7435,-97.8558,-11.04,84,75,5.75,broken clouds
52,Vardo,NO,70.3705,31.1107,20.62,69,43,30.69,scattered clouds
53,Atuona,PF,-9.8,-139.0333,78.66,75,7,16.37,clear sky
54,Saint-Joseph,RE,-21.3667,55.6167,82.2,76,27,7.76,scattered clouds
55,Jacareacanga,BR,-6.2222,-57.7528,73.18,99,100,0.67,overcast clouds
56,Gravdal,NO,68.1214,13.5031,24.78,59,37,9.06,scattered clouds
57,Bambanglipuro,ID,-7.95,110.2833,75.6,73,100,6.4,overcast clouds
58,San Pedro,PH,14.35,121.0167,84.34,61,94,16.62,overcast clouds
59,Castro,BR,-24.7911,-50.0119,57.96,99,46,5.82,scattered clouds
60,Chokurdakh,RU,70.6333,147.9167,-41.6,100,57,3.65,broken clouds
61,Turbat,PK,26.0023,63.044,70.86,30,0,9.44,clear sky
62,Goderich,CA,43.7501,-81.7165,34.92,59,100,21.07,overcast clouds
63,Saskylakh,RU,71.9167,114.0833,-17.23,97,100,10.83,overcast clouds
64,Puerto Ayora,EC,-0.7393,-90.3518,68.31,92,34,6.44,scattered clouds
65,Umm Lajj,SA,25.0213,37.2685,74.8,48,1,8.86,clear sky
66,Dudinka,RU,69.4058,86.1778,-29.38,99,84,8.1,broken clouds
67,Buala,SB,-8.145,159.5921,82.98,80,100,3.67,moderate rain
68,Kalmunai,LK,7.4167,81.8167,81.97,75,1,2.91,clear sky
69,Faanui,PF,-16.4833,-151.75,81.05,67,38,12.84,scattered clouds
70,Necochea,AR,-38.5473,-58.7368,54.03,88,100,5.57,light rain
71,Suntar,RU,62.1444,117.6319,6.4,82,80,11.63,broken clouds
72,Qasigiannguit,GL,68.8193,-51.1922,35.85,46,100,25.17,light rain
73,Burns Lake,CA,54.2331,-125.7533,19.08,89,41,2.93,scattered clouds
74,Khatanga,RU,71.9667,102.5,-23.6,96,100,12.41,overcast clouds
75,Aksha,RU,50.2814,113.2867,29.44,58,2,14.97,clear sky
76,Comodoro Rivadavia,AR,-45.8667,-67.5,69.31,41,42,18.12,scattered clouds
77,Port Hardy,CA,50.6996,-127.4199,35.76,68,31,13.18,scattered clouds
78,Cabo San Lucas,MX,22.8909,-109.9124,77.5,72,100,5.61,overcast clouds
79,Manokwari,ID,-0.8667,134.0833,82.62,78,84,3.47,broken clouds
80,Mayo,US,38.8876,-76.5119,48.67,68,1,1.01,clear sky
81,Georgetown,MY,5.4112,100.3354,86.9,67,20,1.01,few clouds
82,Jitra,MY,6.2681,100.4217,84.58,60,33,10.71,scattered clouds
83,Belaya Gora,RU,68.5333,146.4167,-45.18,100,73,0.02,broken clouds
84,Punta Arenas,CL,-53.15,-70.9167,46.51,71,75,9.22,broken clouds
85,Kodiak,US,57.79,-152.4072,18.91,93,90,0.0,light snow
86,Pevek,RU,69.7008,170.3133,-26.14,99,24,5.39,few clouds
87,Hermanus,ZA,-34.4187,19.2345,63.9,93,100,19.86,light rain
88,Serebryansk,KZ,49.6925,83.2892,8.15,97,96,5.1,overcast clouds
89,Ostrovnoy,RU,68.0531,39.5131,5.95,95,83,8.52,broken clouds
90,Chanika,TZ,-5.4167,38.0167,68.13,93,85,1.72,overcast clouds
91,Yerbogachen,RU,61.2767,108.0108,0.39,82,100,13.42,overcast clouds
92,Hasaki,JP,35.7333,140.8333,54.28,54,17,13.27,few clouds
93,Ushuaia,AR,-54.8,-68.3,38.89,79,27,5.28,scattered clouds
94,Baisha,CN,26.5222,110.9311,63.03,34,0,1.99,clear sky
95,San Felipe,VE,10.3399,-68.7425,72.97,93,89,3.94,overcast clouds
96,La Ronge,CA,55.1001,-105.2842,-0.44,93,100,5.59,overcast clouds
97,Nioro,GM,13.35,-15.75,73.74,56,100,4.18,overcast clouds
98,Arman,RU,59.7,150.1667,-15.99,96,48,4.88,scattered clouds
99,Tucupita,VE,9.0622,-62.051,71.51,98,48,3.13,scattered clouds
100,Axim,GH,4.8699,-2.2405,78.35,85,99,4.85,light rain
101,Nyurba,RU,63.2842,118.3319,4.41,86,99,10.67,overcast clouds
102,Mbekenyera,TZ,-10.0,38.9833,75.65,81,96,4.99,light rain
103,Egvekinot,RU,66.3167,-179.1667,-3.1,96,100,18.7,light snow
104,Saint Anthony,US,45.0205,-93.218,30.4,87,90,1.99,snow
105,Verkhnevilyuysk,RU,63.4453,120.3167,4.96,88,93,8.34,overcast clouds
106,Nunoa,PE,-14.48,-70.6411,43.34,85,94,5.53,overcast clouds
107,Marzuq,YE,14.4,46.4667,60.49,32,0,1.43,clear sky
108,Seoul,KR,37.5683,126.9778,45.79,25,0,0.25,clear sky
109,Victoria,HK,22.2855,114.1577,71.65,42,87,3.0,overcast clouds
110,Gaoual,GN,11.75,-13.2,71.56,76,24,2.15,few clouds
111,Bontang,ID,0.1333,117.5,81.95,78,100,8.79,light rain
112,Stornoway,GB,58.2093,-6.3865,40.96,85,75,4.0,broken clouds
113,Fairbanks,US,64.8378,-147.7164,-7.69,74,90,0.0,light snow
114,Tiksi,RU,71.6872,128.8694,-18.4,92,100,0.47,overcast clouds
115,Casambalangan,PH,18.3765,122.1274,74.01,72,100,11.36,overcast clouds
116,Puri,IN,19.8,85.85,72.37,95,100,18.63,heavy intensity rain
117,Nikolskoye,RU,59.7035,30.7861,9.01,93,87,6.4,overcast clouds
118,Marand,IR,38.4329,45.7749,28.74,53,44,0.87,scattered clouds
119,Mahebourg,MU,-20.4081,57.7,81.25,65,12,10.94,few clouds
120,Dwarka,IN,22.2394,68.9678,76.91,40,18,15.43,few clouds
121,Port Lincoln,AU,-34.7333,135.8667,65.23,59,100,9.55,overcast clouds
122,Katsuura,JP,35.1333,140.3,50.14,62,71,13.53,broken clouds
123,Iqaluit,CA,63.7506,-68.5145,6.53,84,90,31.0,light snow
124,Deputatskiy,RU,69.3,139.9,-34.01,93,99,2.44,overcast clouds
125,Provideniya,RU,64.3833,-173.3,28.17,96,100,27.56,snow
126,Kovylkino,RU,54.0388,43.9139,27.05,82,22,5.19,few clouds
127,Carutapera,BR,-1.195,-46.02,76.84,92,61,4.85,broken clouds
128,Saint-Philippe,RE,-21.3585,55.7679,83.21,77,39,11.59,scattered clouds
129,Aguimes,ES,27.9054,-15.4461,61.66,67,40,11.5,scattered clouds
130,Tuktoyaktuk,CA,69.4541,-133.0374,-19.97,86,5,7.78,clear sky
131,Qaanaaq,GL,77.484,-69.3632,5.86,63,96,7.56,overcast clouds
132,East London,ZA,-33.0153,27.9116,69.33,94,100,19.86,light rain
133,Kazerun,IR,29.6195,51.6541,55.69,34,62,2.89,broken clouds
134,Banda Aceh,ID,5.5577,95.3222,84.11,70,37,10.47,scattered clouds
135,Hobart,AU,-42.8794,147.3294,76.01,49,40,1.99,scattered clouds
136,Tongliao,CN,43.6125,122.2653,34.02,81,4,14.18,clear sky
137,Bitkine,TD,11.9801,18.2138,72.54,23,98,6.42,overcast clouds
138,Krasnoselkup,RU,65.7,82.4667,-37.88,100,26,2.77,scattered clouds
139,Ipixuna,BR,-1.7625,-48.8043,78.75,95,95,2.95,overcast clouds
140,Severo-Kurilsk,RU,50.6789,156.125,31.28,68,91,23.73,overcast clouds
141,Chapais,CA,49.7834,-74.8492,-0.85,98,100,2.37,overcast clouds
142,Vanimo,PG,-2.6741,141.3028,85.39,70,100,9.48,overcast clouds
143,Kapaa,US,22.0752,-159.319,68.32,78,40,1.01,light rain
144,Pangnirtung,CA,66.1451,-65.7125,15.94,94,100,3.11,light snow
145,Hobyo,SO,5.3505,48.5268,78.82,73,38,18.01,scattered clouds
146,Safita,SY,34.8205,36.1153,61.84,51,93,11.56,overcast clouds
147,Geraldton,AU,-28.7667,114.6,88.21,33,0,18.41,clear sky
148,Harper,LR,4.375,-7.7169,78.84,84,59,5.93,broken clouds
149,Fort Nelson,CA,58.8053,-122.7002,-25.46,100,46,1.63,scattered clouds
150,Souillac,MU,-20.5167,57.5167,81.36,64,10,11.56,clear sky
151,Espanola,US,35.9911,-106.0806,51.78,45,0,2.71,clear sky
152,Morondava,MG,-20.2833,44.2833,81.27,74,16,4.36,few clouds
153,Anadyr,RU,64.75,177.4833,14.68,89,100,23.51,light snow
154,Tasiilaq,GL,65.6145,-37.6368,28.56,91,100,49.66,snow
155,Maarianhamina,AX,60.0973,19.9348,15.66,92,90,9.22,light snow
156,Port Elizabeth,ZA,-33.918,25.5701,63.1,95,100,20.02,light rain
157,Cherskiy,RU,68.75,161.3,-39.68,100,74,0.98,broken clouds
158,Acajutla,SV,13.5928,-89.8275,79.9,68,23,5.95,few clouds
159,Hambantota,LK,6.1241,81.1185,80.94,100,20,2.3,few clouds
160,Kokopo,PG,-4.352,152.2633,84.11,76,100,9.26,moderate rain
161,Tonantins,BR,-2.8731,-67.8022,73.87,98,100,1.23,overcast clouds
162,Bar Harbor,US,44.3876,-68.2039,27.23,72,90,6.91,snow
163,Tretten,NO,61.3142,10.3007,14.2,98,100,1.54,overcast clouds
164,Coquimbo,CL,-29.9533,-71.3436,58.73,88,90,3.44,overcast clouds
165,Quatre Cocos,MU,-20.2078,57.7625,81.09,64,22,10.87,few clouds
166,Saint George,US,37.1041,-113.5841,53.55,42,1,1.99,clear sky
167,Khorixas,NA,-20.3667,14.9667,54.88,46,0,2.98,clear sky
168,Lorengau,PG,-2.0226,147.2712,81.25,85,100,16.4,moderate rain
169,Grand-Santi,GF,4.25,-54.3833,71.6,99,100,1.28,overcast clouds
170,Torbay,CA,47.6666,-52.7314,30.67,63,2,5.01,clear sky
171,Lebu,CL,-37.6167,-73.65,52.97,89,0,17.2,clear sky
172,Tambo Grande,PE,-4.9269,-80.3447,73.04,64,100,7.4,light rain
173,Ahipara,NZ,-35.1667,173.1667,72.72,70,29,12.82,scattered clouds
174,Okhotsk,RU,59.3833,143.3,-9.67,88,100,11.27,overcast clouds
175,Nome,US,64.5011,-165.4064,12.27,85,90,20.71,snow
176,Namibe,AO,-15.1961,12.1522,69.13,73,40,3.94,scattered clouds
177,Front Royal,US,38.9182,-78.1944,46.27,65,69,4.27,broken clouds
178,San Francisco,US,37.7749,-122.4194,54.86,84,90,1.99,overcast clouds
179,Utiel,ES,39.5667,-1.2,47.41,74,51,17.72,broken clouds
180,Pisco,PE,-13.7,-76.2167,65.01,88,0,8.05,clear sky
181,Kavaratti,IN,10.5669,72.642,81.27,77,26,10.71,scattered clouds
182,Carnarvon,AU,-24.8667,113.6333,84.27,58,0,10.36,clear sky
183,Tanete,ID,-3.9443,119.7848,82.2,80,94,10.45,overcast clouds
184,Lagoa,PT,39.05,-27.9833,63.03,78,13,10.36,few clouds
185,Tuatapere,NZ,-46.1333,167.6833,51.82,88,100,6.62,light rain
186,Kaduqli,SD,11.0167,29.7167,72.84,29,24,8.34,few clouds
187,Pemangkat,ID,1.1667,108.9667,81.41,81,78,9.4,broken clouds
188,Lodwar,KE,3.1191,35.5973,79.47,58,53,10.07,broken clouds
189,Dingle,PH,10.9995,122.6711,79.77,77,87,14.81,overcast clouds
190,Ulety,RU,51.3572,112.4849,27.68,67,12,14.5,few clouds
191,Tisovec,SK,48.6774,19.9436,34.65,95,100,1.63,snow
192,Vila Franca Do Campo,PT,37.7167,-25.4333,63.19,85,41,1.34,scattered clouds
193,Parana,AR,-31.732,-60.5238,73.54,65,53,5.7,broken clouds
194,Ponta Do Sol,PT,32.6667,-17.1,65.03,67,93,9.31,overcast clouds
195,La Baule-Escoublac,FR,47.2922,-2.364,40.95,85,0,11.5,clear sky
196,Leningradskiy,RU,69.3833,178.4167,-21.51,93,56,4.83,broken clouds
197,Havre-Saint-Pierre,CA,50.2334,-63.5986,24.28,57,43,14.85,scattered clouds
198,Kulhudhuffushi,MV,6.6221,73.07,82.35,73,72,5.82,broken clouds
199,Ribeira Grande,PT,38.5167,-28.7,63.66,74,30,13.02,scattered clouds
200,Ancud,CL,-41.8697,-73.8203,54.93,76,0,3.74,clear sky
201,Sarakhs,IR,36.5449,61.1577,42.94,75,0,6.15,clear sky
202,Normandin,CA,48.8333,-72.5321,12.83,84,100,2.15,overcast clouds
203,Olafsvik,IS,64.8945,-23.7142,36.25,73,100,22.01,overcast clouds
204,Rawson,AR,-43.3002,-65.1023,68.27,43,0,24.63,clear sky
205,Lyubim,RU,58.3625,40.6843,1.63,96,48,3.44,scattered clouds
206,San Patricio,US,28.017,-97.5169,73.83,85,100,10.6,overcast clouds
207,Valparaiso,CL,-33.0393,-71.6273,58.64,82,0,2.3,clear sky
208,Saldanha,ZA,-33.0117,17.9442,60.08,94,100,6.17,light rain
209,Nishihara,JP,26.1842,127.7558,71.65,48,75,17.27,broken clouds
210,Carbondale,US,37.7273,-89.2168,45.0,79,1,4.61,clear sky
211,Svetlyy,RU,54.675,20.1347,32.05,91,100,4.41,overcast clouds
212,Jumla,NP,29.2747,82.1838,55.15,35,0,2.91,clear sky
213,Molaoi,GR,36.8076,22.8513,50.34,75,0,3.51,clear sky
214,Namatanai,PG,-3.6667,152.4333,86.25,67,100,11.52,light rain
215,Bhikhi,IN,30.0667,75.5333,68.83,39,0,5.73,clear sky
216,Tual,ID,-5.6667,132.75,82.06,81,100,16.08,overcast clouds
217,Samarai,PG,-10.6167,150.6667,84.65,72,97,9.1,overcast clouds
218,Sevierville,US,35.8681,-83.5618,60.15,85,90,0.0,overcast clouds
219,Menongue,AO,-14.6585,17.691,63.36,94,100,3.91,overcast clouds
220,Zabol,AF,32.25,67.25,40.44,84,53,6.22,broken clouds
221,Thinadhoo,MV,0.5333,72.9333,81.99,80,58,17.02,heavy intensity rain
222,Manubul,PH,5.4732,120.7986,83.53,73,100,9.08,overcast clouds
223,Alenquer,BR,-1.9417,-54.7383,75.54,94,92,1.92,overcast clouds
224,Arica,CL,-18.475,-70.3042,66.43,72,0,2.3,clear sky
225,Langnau,CH,46.9394,7.7874,36.1,97,95,4.21,light snow
226,Filadelfia,US,39.9523,-75.1638,44.98,70,20,1.01,few clouds
227,Kalangala,UG,-0.3089,32.225,67.35,66,96,1.95,light rain
228,Airai,TL,-8.9266,125.4092,74.1,66,100,1.34,overcast clouds
229,Tabas,IR,33.5959,56.9244,48.13,42,0,2.3,clear sky
230,Plettenberg Bay,ZA,-34.0527,23.3716,63.25,96,100,12.48,overcast clouds
231,Khasan,RU,42.4308,130.6434,32.11,53,5,2.06,clear sky
232,Teluk Nibung,ID,3.001,99.8164,83.57,72,100,11.03,overcast clouds
233,Isla Vista,US,34.4133,-119.861,57.02,69,1,3.44,clear sky
234,Cabedelo,BR,-6.9811,-34.8339,79.47,83,44,11.56,scattered clouds
235,Adrar,MR,20.5022,-10.0711,61.56,22,100,11.1,overcast clouds
236,Eagle Pass,US,28.7091,-100.4995,64.24,69,65,5.08,broken clouds
237,Jalu,LY,29.0331,21.5482,54.09,77,0,9.64,clear sky
238,Esperance,AU,-33.8667,121.9,73.35,53,0,13.18,clear sky
239,Mount Gambier,AU,-37.8333,140.7667,67.55,40,0,10.83,clear sky
240,Codrington,AU,-38.2667,141.9667,62.69,47,0,14.38,clear sky
241,Eganville,CA,45.5334,-77.0994,21.51,79,94,5.88,overcast clouds
242,Marsa Matruh,EG,31.3525,27.2453,58.33,70,23,22.44,few clouds
243,Alihe,CN,50.5667,123.7167,23.18,72,100,1.92,overcast clouds
244,Sovetsk,RU,55.0839,21.8785,27.03,98,92,4.85,overcast clouds
245,Gold Coast,AU,-28.0,153.4333,80.24,66,40,14.97,scattered clouds
246,Manzil Salim,TN,35.8567,8.4765,43.66,52,0,5.08,clear sky
247,Dali,CN,25.7,100.1833,59.25,61,20,1.66,few clouds
248,Sao Joao Da Barra,BR,-21.6403,-41.0511,71.89,80,0,2.75,clear sky
249,Upernavik,GL,72.7868,-56.1549,20.3,75,100,6.62,overcast clouds
250,Nuuk,GL,64.1835,-51.7216,34.41,93,75,27.63,light snow
251,Coahuayana,MX,18.7333,-103.6833,73.33,93,7,3.58,clear sky
252,Lata,PT,40.1629,-8.3327,52.81,78,81,7.85,broken clouds
253,Port Augusta,AU,-32.5,137.7667,84.7,23,100,5.48,overcast clouds
254,Vostok,RU,46.4856,135.8833,15.8,72,59,4.74,broken clouds
255,Koyelga,RU,54.6522,60.9049,32.72,84,100,15.77,overcast clouds
256,Lannion,FR,48.75,-3.4167,44.85,70,40,19.57,scattered clouds
257,Kandrian,PG,-6.2167,149.55,80.06,84,100,2.66,light rain
258,Guerrero Negro,MX,27.9769,-114.0611,61.84,84,40,14.47,scattered clouds
259,Half Moon Bay,US,37.4636,-122.4286,54.79,89,90,10.36,overcast clouds
260,Oriximina,BR,-1.7656,-55.8661,75.09,94,100,2.71,overcast clouds
261,Cidreira,BR,-30.1811,-50.2056,70.09,83,81,17.67,broken clouds
262,Margate,GB,51.3813,1.3862,40.96,84,100,5.01,moderate rain
263,Grand Gaube,MU,-20.0064,57.6608,82.38,67,7,5.99,clear sky
264,Kefamenanu,ID,-9.4467,124.4781,89.49,50,82,3.74,broken clouds
265,Timra,SE,62.487,17.3257,16.68,74,90,11.5,overcast clouds
266,Richards Bay,ZA,-28.783,32.0377,71.4,96,100,11.21,light rain
267,Alice Springs,AU,-23.7,133.8833,87.35,20,2,17.27,clear sky
268,Flinders,AU,-34.5833,150.8552,67.17,61,95,12.12,overcast clouds
269,Iberia,US,29.9502,-91.7507,65.1,94,90,3.44,fog
270,Shubarshi,KZ,48.5872,57.1869,27.95,70,22,6.67,few clouds
271,Raudeberg,NO,61.9875,5.1352,36.27,92,100,1.01,light snow
272,Camden,US,39.7835,-74.9663,44.67,54,68,7.58,broken clouds
273,Mount Darwin,ZW,-16.7725,31.5838,72.32,47,0,2.44,clear sky
274,Zverinogolovskoye,RU,54.4586,64.8542,30.04,84,81,16.84,broken clouds
275,Surt,LY,31.2089,16.5887,57.45,67,6,15.17,clear sky
276,Les Cayes,HT,18.2,-73.75,75.7,83,90,3.58,overcast clouds
277,Kovdor,RU,67.5662,30.4758,-0.89,100,100,3.13,overcast clouds
278,Shibetsu,JP,43.659,145.132,35.1,49,17,15.12,few clouds
279,Kirakira,SB,-10.4544,161.9205,85.24,72,84,1.81,broken clouds
280,Ambon,ID,-3.6954,128.1814,87.94,66,40,6.91,scattered clouds
281,Polovinnoye,RU,54.7914,65.9864,30.02,84,98,17.76,overcast clouds
282,Luangwa,ZM,-15.6167,30.4167,79.66,44,18,1.83,few clouds
283,Lexington,US,37.9887,-84.4777,42.98,56,1,1.01,clear sky
284,Saint-Georges,GD,12.0564,-61.7485,79.2,80,40,14.34,scattered clouds
285,Salekhard,RU,66.53,66.6019,-33.27,100,17,3.67,few clouds
286,Kahului,US,20.8947,-156.47,71.62,74,75,12.66,light rain
287,Mahibadhoo,MV,3.7833,72.9667,83.05,72,24,11.95,few clouds
288,Am Timan,TD,11.0297,20.2827,73.8,28,22,6.6,few clouds
289,Luanda,AO,-8.8368,13.2343,76.89,85,100,7.27,overcast clouds
290,Taltal,CL,-25.4,-70.4833,62.94,75,21,1.21,few clouds
291,Kiunga,PG,-6.1219,141.2906,80.73,92,97,3.49,light rain
292,Makakilo City,US,21.3469,-158.0858,71.92,70,90,10.36,light rain
293,San Vicente,AR,-26.6167,-54.1333,69.37,57,73,0.96,broken clouds
294,Russell,US,32.3502,-85.1999,57.99,100,1,0.0,fog
295,Inta,RU,66.0317,60.1659,-14.89,87,79,3.58,broken clouds
296,Pitimbu,BR,-7.4706,-34.8086,79.39,84,47,10.65,scattered clouds
297,Vilcun,CL,-38.65,-72.2333,47.14,84,0,2.15,clear sky
298,Sibolga,ID,1.7427,98.7792,83.93,74,97,2.57,overcast clouds
299,Marienburg,PL,54.0359,19.0266,33.46,86,100,5.23,overcast clouds
300,Miyako,JP,39.6367,141.9525,41.92,52,66,2.04,broken clouds
301,Cermik,TR,38.1361,39.4493,36.09,50,93,4.56,overcast clouds
302,Bereznik,RU,62.8551,42.7072,2.37,83,99,7.09,overcast clouds
303,Riyadh,SA,24.6877,46.7219,55.45,33,0,0.0,clear sky
304,Artyom,AZ,40.4723,50.333,50.14,75,100,22.57,overcast clouds
305,Muros,ES,42.7762,-9.0603,54.23,95,94,16.46,overcast clouds
306,Coro,VE,11.4045,-69.6734,76.95,88,76,11.99,broken clouds
307,Pietersburg,ZA,-23.9045,29.4688,50.4,78,93,7.14,overcast clouds
308,Ishigaki,JP,24.3448,124.1572,70.27,59,14,14.47,few clouds
309,Antalaha,MG,-14.9003,50.2788,78.13,76,20,5.35,few clouds
310,Phan Thiet,VN,10.9333,108.1,79.77,61,48,2.89,scattered clouds
311,Vila Velha,BR,-20.3297,-40.2925,71.94,91,75,2.3,broken clouds
312,Koumac,NC,-20.5667,164.2833,82.72,67,36,4.94,scattered clouds
313,Port Blair,IN,11.6667,92.75,82.42,69,68,12.41,broken clouds
314,Mount Isa,AU,-20.7333,139.5,101.97,16,8,13.8,clear sky
315,Talnakh,RU,69.4865,88.3972,-29.79,98,100,7.54,overcast clouds
316,Boa Vista,BR,2.8197,-60.6733,80.58,69,0,10.36,clear sky
317,Komyshnya,UA,50.1859,33.684,26.89,84,65,5.1,broken clouds
318,Helena,US,46.5927,-112.0361,44.31,66,75,7.0,broken clouds
319,Asau,RO,46.4333,26.4,30.96,82,100,4.41,overcast clouds
320,Shimoda,JP,34.6667,138.95,49.1,65,89,13.51,overcast clouds
321,Kuah,MY,6.3265,99.8432,81.88,70,43,18.86,scattered clouds
322,Golkoy,TR,40.6875,37.6178,47.61,60,97,7.94,overcast clouds
323,Herat,AF,34.5,62.0,40.95,69,3,3.62,clear sky
324,Kpandu,GH,6.9954,0.2931,76.64,85,100,4.79,overcast clouds
325,Tucuma,BR,-0.1833,-50.05,76.05,93,80,4.56,broken clouds
326,Myitkyina,MM,25.3833,97.4,76.73,50,69,0.81,broken clouds
327,Mandal,IN,25.45,74.5667,66.7,60,96,4.43,overcast clouds
328,Sao Sepe,BR,-30.1606,-53.5653,65.32,90,35,6.96,scattered clouds
329,Karema,TZ,-6.8205,30.4389,73.42,63,60,4.18,broken clouds
330,Petropavlovsk-Kamchatskiy,RU,53.0452,158.6483,27.19,40,40,17.9,scattered clouds
331,Guiyang,CN,26.5833,106.7167,58.5,53,72,3.91,broken clouds
332,Zaraza,VE,9.3503,-65.3245,73.22,91,66,4.85,broken clouds
333,Sinnamary,GF,5.3833,-52.95,76.57,91,100,7.78,overcast clouds
334,Ocampo,MX,21.65,-101.5,51.55,53,51,7.87,broken clouds
335,Sisimiut,GL,66.9395,-53.6735,37.29,43,100,27.02,overcast clouds
336,Bandarbeyla,SO,9.4942,50.8122,75.38,71,96,15.35,overcast clouds
337,College,US,64.8569,-147.8028,-7.71,74,90,0.0,light snow
338,Yatou,CN,37.15,122.3833,53.46,57,1,14.99,clear sky
339,Batemans Bay,AU,-35.7167,150.1833,64.2,56,100,6.78,overcast clouds
340,Saryg-Sep,RU,51.5,95.6,11.7,88,80,1.63,broken clouds
341,Vitim,RU,59.4511,112.5578,20.08,89,100,12.12,light snow
342,Orodara,BF,10.9492,-4.9342,69.71,20,30,5.88,scattered clouds
343,Dekar,BW,-21.5333,21.9333,66.67,82,100,6.55,light rain
344,Parkersburg,US,39.2667,-81.5615,39.0,75,1,0.0,clear sky
345,Naze,JP,28.3667,129.4833,60.35,64,95,10.71,overcast clouds
346,Matane,CA,48.8286,-67.522,16.65,81,96,7.25,overcast clouds
347,Ambagarh Chauki,IN,20.7833,80.7167,72.36,55,51,11.12,broken clouds
348,Mar Del Plata,AR,-38.0023,-57.5575,61.09,88,100,1.01,light rain
349,Aitape,PG,-3.1374,142.3475,84.24,74,98,9.04,overcast clouds
350,Mehamn,NO,71.0357,27.8492,20.12,82,75,22.48,broken clouds
351,Ginir,ET,7.1333,40.7,55.31,55,2,3.83,clear sky
352,Paka,MY,4.6374,103.4368,75.45,89,100,8.12,overcast clouds
353,Araouane,ML,18.9048,-3.5265,61.39,21,78,12.77,broken clouds
354,Gidole,ET,5.65,37.3667,55.27,68,7,2.95,clear sky
355,Quelimane,MZ,-17.8786,36.8883,80.31,61,0,8.25,clear sky
356,Maceio,BR,-9.6658,-35.7353,80.04,89,75,5.75,broken clouds
357,Lekoni,GA,-1.5843,14.2591,72.88,89,97,3.02,overcast clouds
358,Paamiut,GL,61.994,-49.6678,30.96,98,99,15.55,snow
359,Mpika,ZM,-11.8343,31.4529,64.85,64,11,4.21,few clouds
360,Clarence Town,AU,-32.5833,151.7833,70.34,71,98,9.55,overcast clouds
361,Inirida,CO,3.8653,-67.9239,72.28,97,86,0.43,overcast clouds
362,Tynda,RU,55.1667,124.7167,8.74,87,100,2.1,overcast clouds
363,Scottsbluff,US,41.8666,-103.6672,61.92,25,1,5.01,clear sky
364,Labuhan,ID,-6.8844,112.2051,84.06,72,94,11.41,overcast clouds
365,Vytegra,RU,61.0064,36.4481,-16.42,100,75,4.54,broken clouds
366,Emba,KZ,48.8264,58.1442,24.85,85,49,4.29,scattered clouds
367,Hualmay,PE,-11.0964,-77.6139,66.43,86,100,7.94,overcast clouds
368,Dasoguz,TM,41.8363,59.9666,24.91,73,100,2.84,overcast clouds
369,Pinotepa De Don Luis,MX,16.4167,-97.9167,69.78,79,0,3.09,clear sky
370,Matara,LK,5.9485,80.5353,83.91,72,34,2.66,scattered clouds
371,Paysandu,UY,-32.3214,-58.0756,65.01,61,47,8.52,scattered clouds
372,Oga,IT,46.4631,10.347,25.34,95,100,7.25,light snow
373,Biltine,TD,14.5333,20.9167,72.75,18,2,8.03,clear sky
374,Jinchang,CN,38.4953,102.1739,43.65,11,0,2.1,clear sky
375,Los Llanos De Aridane,ES,28.6585,-17.9182,62.35,69,40,15.01,scattered clouds
376,Clinton,US,42.587,-82.9199,37.42,59,90,5.99,overcast clouds
377,Klaksvik,FO,62.2266,-6.589,36.52,58,99,18.63,overcast clouds
378,Vao,NC,-22.6667,167.4833,76.87,85,100,17.67,overcast clouds
379,Yulara,AU,-25.2406,130.9889,82.24,28,80,20.71,broken clouds
380,Cap-Aux-Meules,CA,47.3821,-61.8597,32.0,52,78,19.95,broken clouds
381,Severnyy-Kospashskiy,RU,59.0925,57.8008,27.61,95,100,6.91,light snow
382,Isoka,ZM,-10.1606,32.6335,65.57,61,5,2.01,clear sky
383,Ilulissat,GL,69.2167,-51.1,35.62,48,100,34.52,light rain
384,Laguna,US,38.421,-121.4238,54.21,95,90,0.0,mist
385,Monaghan,IE,54.25,-6.9667,39.22,80,7,12.35,clear sky
386,Padang,ID,-0.9492,100.3543,80.65,87,99,2.42,overcast clouds
387,Bathsheba,BB,13.2167,-59.5167,81.21,74,40,19.57,scattered clouds
388,Kalinagar,IN,28.6167,80.1,70.66,64,0,4.56,clear sky
389,Kununurra,AU,-15.7667,128.7333,105.78,29,100,12.66,overcast clouds
390,Fushun,CN,41.8558,123.9233,47.91,60,2,13.42,clear sky
391,Svobodnyy,RU,51.4,128.1333,13.37,92,100,8.25,overcast clouds
392,Alofi,NU,-19.0595,-169.9187,79.38,78,89,2.8,light rain
393,High Rock,BS,26.6208,-78.2833,64.42,64,91,10.98,overcast clouds
394,Kruisfontein,ZA,-34.0033,24.7314,60.89,97,100,15.32,light rain
395,Kigonsera,TZ,-10.8,35.05,63.45,84,44,3.62,scattered clouds
396,Tigil,RU,57.8,158.6667,20.61,94,100,17.4,light snow
397,Candido Mendes,BR,-1.4467,-45.7167,75.79,94,89,2.62,overcast clouds
398,Simbahan,PH,6.3032,120.5836,82.99,76,95,21.0,overcast clouds
399,Sur,OM,22.5667,59.5289,75.27,52,13,2.24,few clouds
400,Koindu,GN,8.4386,-10.3253,72.93,86,84,2.08,broken clouds
401,Srednekolymsk,RU,67.45,153.6833,-45.56,100,59,1.92,broken clouds
402,Coihaique,CL,-45.5752,-72.0662,55.35,71,90,8.05,overcast clouds
403,Piacenza,IT,45.0468,9.6994,41.76,92,100,2.39,light rain
404,Luena,AO,-11.7833,19.9167,61.41,97,70,3.24,broken clouds
405,San Quintin,MX,30.4833,-115.95,58.23,88,69,12.82,broken clouds
406,Sosnovo-Ozerskoye,RU,52.5249,111.5418,20.3,84,43,14.12,scattered clouds
407,Charlestown,AU,-32.95,151.6667,70.83,73,100,5.99,overcast clouds
408,Dunedin,NZ,-45.8742,170.5036,52.03,93,100,15.84,light rain
409,Tolaga Bay,NZ,-38.3667,178.3,74.86,53,66,17.74,broken clouds
410,Colares,PT,38.7992,-9.4469,54.34,76,11,1.01,few clouds
411,Narsaq,GL,60.9167,-46.05,34.02,98,100,12.24,moderate rain
412,Nefteyugansk,RU,61.0998,72.6035,0.14,95,100,17.43,snow
413,Rafaela,AR,-31.2503,-61.4867,71.06,66,73,1.12,broken clouds
414,Lavrentiya,RU,65.5833,-171.0,24.66,96,100,19.26,snow
415,Gizo,SB,-8.103,156.8419,84.38,73,99,5.46,overcast clouds
416,Simao,CN,22.7886,100.9748,66.76,50,52,2.21,broken clouds
417,Hayden,US,47.766,-116.7866,35.98,92,90,3.44,light snow
418,Katrineholm,SE,58.9959,16.2072,22.89,84,91,9.48,overcast clouds
419,Bardiyah,LY,31.7561,25.0865,63.12,68,69,28.88,broken clouds
420,Koygorodok,RU,60.445,50.9968,5.23,94,100,7.25,light snow
421,Mao,ES,39.8885,4.2658,52.36,87,75,3.44,broken clouds
422,Esso,RU,55.9333,158.7,11.71,82,95,20.27,overcast clouds
423,Samana,DO,19.2056,-69.3369,75.54,89,23,7.83,few clouds
424,Skibotn,NO,69.3913,20.2679,19.49,99,49,13.82,scattered clouds
425,Itarema,BR,-2.9248,-39.9167,79.18,84,70,10.09,broken clouds
426,Luderitz,NA,-26.6481,15.1594,58.35,89,4,4.88,clear sky
427,Tanout,NE,14.9709,8.8879,64.9,19,4,14.05,clear sky
428,Andros Town,BS,24.7,-77.7667,71.56,66,37,13.04,scattered clouds
429,Eucaliptus,BO,-17.5833,-67.5167,49.93,68,73,11.43,broken clouds
430,Hokitika,NZ,-42.7167,170.9667,62.37,98,100,16.31,moderate rain
431,Aklavik,CA,68.2191,-135.0107,-21.17,85,5,8.21,clear sky
432,Vagay,RU,57.9375,69.0217,31.3,96,100,11.03,light snow
433,Southbridge,US,42.0751,-72.0334,38.26,76,69,1.99,broken clouds
434,Odweyne,SO,9.4092,45.064,62.22,67,0,10.47,clear sky
435,Isangel,VU,-19.55,169.2667,81.05,77,100,13.04,overcast clouds
436,Ormond Beach,US,29.2858,-81.0559,62.1,77,20,0.0,mist
437,Ust-Kuyga,RU,70.0167,135.6,-25.69,95,99,5.86,overcast clouds
438,Lasa,IT,46.6166,10.7002,34.68,94,100,6.49,light snow
439,Okato,NZ,-39.2,173.8833,70.43,89,95,15.12,overcast clouds
440,Roma,US,43.2128,-75.4557,37.67,90,90,6.91,overcast clouds
441,Amuntai,ID,-2.4177,115.2494,75.27,94,100,2.04,overcast clouds
442,Ketchikan,US,55.3422,-131.6461,28.87,86,20,4.61,few clouds
443,Charters Towers,AU,-20.1,146.2667,96.76,25,13,15.97,few clouds
444,Kerrville,US,30.0474,-99.1403,66.81,94,40,0.0,mist
445,Heihe,CN,50.2441,127.4902,19.4,91,64,9.8,broken clouds
446,Watertown,US,42.3709,-71.1828,41.0,68,75,1.99,broken clouds
447,Norman Wells,CA,65.282,-126.8329,-41.76,66,1,3.44,clear sky
448,Srivardhan,IN,18.0333,73.0167,77.77,76,4,1.86,clear sky
449,Katherine,AU,-14.4667,132.2667,100.72,34,40,10.36,scattered clouds
450,Hay River,CA,60.8156,-115.7999,-22.02,69,41,6.91,scattered clouds
451,Launceston,AU,-41.45,147.1667,65.84,46,90,3.0,overcast clouds
452,Tessalit,ML,20.1986,1.0114,62.71,17,100,8.84,overcast clouds
453,Klyuchi,RU,52.2667,79.1667,28.44,92,100,6.26,overcast clouds
454,Dauphin,CA,51.1494,-100.0502,16.27,93,100,2.98,overcast clouds
455,Gundorovskiy,RU,46.7805,41.8968,44.11,80,100,10.11,light rain
456,Bonen,DE,51.6,7.7667,40.91,85,75,5.01,broken clouds
457,Bethel,US,41.3712,-73.414,41.56,79,1,0.0,clear sky
458,Mudgee,AU,-32.5943,149.5871,71.65,46,90,14.97,overcast clouds
459,San Diego De Los Banos,CU,22.6467,-83.3697,66.24,90,16,4.23,few clouds
460,Marawi,PH,7.9986,124.2928,73.65,73,99,7.96,overcast clouds
461,Mareeba,AU,-17.0,145.4333,92.44,43,10,9.98,clear sky
462,Sawakin,SD,19.1059,37.3321,78.91,72,18,3.6,few clouds
463,Novyy Urengoy,RU,66.0833,76.6333,-30.26,100,12,2.26,few clouds
464,Nizhneangarsk,RU,55.7833,109.55,21.15,69,88,11.45,overcast clouds
465,Slave Lake,CA,55.2834,-114.769,-4.02,84,75,17.27,broken clouds
466,Bonavista,CA,48.6499,-53.1147,30.11,58,90,25.43,overcast clouds
467,Nouadhibou,MR,20.931,-17.0347,62.58,82,100,11.5,overcast clouds
468,Moose Factory,CA,51.2585,-80.6094,1.4,78,90,8.05,overcast clouds
469,San Jose,US,37.3394,-121.895,54.75,87,90,8.05,mist
470,Susuman,RU,62.7833,148.1667,-47.11,100,92,0.63,overcast clouds
471,Nanakuli,US,21.3906,-158.1547,70.7,77,90,0.0,moderate rain
472,Tromso,NO,69.6496,18.957,19.42,58,0,11.5,clear sky
473,La Palma Del Condado,ES,37.3861,-6.5523,51.06,88,0,8.68,clear sky
474,Te Anau,NZ,-45.4167,167.7167,43.79,97,100,4.92,light rain
475,Isiolo,KE,0.3546,37.5822,66.94,81,28,3.67,scattered clouds
476,Nanortalik,GL,60.1432,-45.2371,32.77,99,100,14.0,snow
477,Bilibino,RU,68.0546,166.4372,-36.47,95,65,4.5,broken clouds
478,Liverpool,GB,53.4106,-2.9779,43.52,86,90,15.99,light rain
479,Pandan,PH,14.0453,124.1694,80.73,64,70,16.51,broken clouds
480,Fortuna,US,40.5982,-124.1573,51.42,94,90,0.0,overcast clouds
481,Nanton,CA,50.3501,-113.7687,22.87,85,45,12.28,scattered clouds
482,Lucapa,AO,-8.4192,20.7447,64.47,97,90,1.48,overcast clouds
483,Otavi,NA,-19.65,17.3333,65.77,25,39,0.74,scattered clouds
484,Zhangjiakou,CN,40.81,114.8794,35.73,31,18,1.14,few clouds
485,San Cristobal,VE,7.7669,-72.225,69.98,80,96,2.06,overcast clouds
486,Itaituba,BR,-4.2761,-55.9836,73.4,99,94,1.1,overcast clouds
487,Bengkulu,ID,-3.8004,102.2655,78.46,83,100,8.41,moderate rain
488,Tari,NG,12.4086,4.4914,70.23,19,5,10.2,clear sky
489,Uthal,PK,25.8072,66.6219,72.27,35,0,7.23,clear sky
490,Nokaneng,BW,-19.6667,22.2667,72.14,75,100,4.07,overcast clouds
491,Muzhi,RU,65.3667,64.6667,-21.14,99,100,1.43,overcast clouds
492,Biak,ID,-0.9131,122.8766,78.66,82,100,2.51,light rain
493,Trenggalek,ID,-8.05,111.7167,80.98,80,100,2.51,overcast clouds
494,Portland,US,45.5234,-122.6762,53.76,94,90,1.99,mist
495,Les Escoumins,CA,48.1111,-69.0236,13.35,85,93,1.36,light snow
496,Pemba,MZ,-12.974,40.5178,80.83,74,67,4.7,broken clouds
497,Vicuna,CL,-30.0319,-70.7081,51.53,47,14,0.43,few clouds
498,Adilcevaz,TR,38.8039,42.7342,33.51,68,99,5.7,overcast clouds
499,Sozimskiy,RU,59.7418,52.2482,8.15,90,100,11.01,overcast clouds
500,Salalah,OM,17.0151,54.0924,77.09,36,0,6.91,clear sky
501,Komsomolskiy,UZ,40.4272,71.7189,41.72,75,100,4.61,mist
502,Kattivakkam,IN,13.2167,80.3167,84.29,85,10,4.94,clear sky
503,Mutsu,JP,41.2894,141.2169,37.72,56,71,15.9,broken clouds
504,Chipiona,ES,36.7366,-6.437,55.62,82,20,11.5,few clouds
505,Hunucma,MX,21.0167,-89.8667,72.09,82,11,4.56,few clouds
506,Karasjok,NO,69.4719,25.5112,8.71,100,53,4.76,broken clouds
507,Ust-Tsilma,RU,65.441,52.1498,3.45,97,100,1.72,light snow
508,Ondjiva,AO,-17.0667,15.7333,69.6,69,100,3.96,overcast clouds
509,Olavarria,AR,-36.8927,-60.3225,52.81,96,99,5.21,light rain
510,Port Macquarie,AU,-31.4333,152.9167,67.96,75,100,11.68,overcast clouds
511,Djibo,BF,14.1022,-1.6306,72.0,15,55,7.36,broken clouds
512,Shenjiamen,CN,29.9576,122.298,58.26,53,100,5.03,overcast clouds
513,Angoche,MZ,-16.2325,39.9086,78.3,75,6,6.51,clear sky
514,Yar-Sale,RU,66.8333,70.8333,-20.88,98,17,5.59,few clouds
515,Bodden Town,KY,19.2833,-81.25,79.93,87,100,3.0,overcast clouds
516,Xai-Xai,MZ,-25.0519,33.6442,76.41,75,54,4.12,broken clouds
517,Imphal,IN,24.8167,93.95,67.91,88,75,0.0,mist
518,Silifke,TR,36.3778,33.9344,58.19,52,40,13.09,scattered clouds
519,Grafton,US,42.207,-71.6856,39.34,71,1,6.91,clear sky
520,Praia Da Vitoria,PT,38.7333,-27.0667,63.75,88,75,6.26,broken clouds
521,Gwanda,ZW,-20.9333,29.0,70.25,51,79,7.76,broken clouds
522,Kyra,RU,49.5776,111.9753,26.22,66,17,6.87,few clouds
523,La Paz,BO,-16.5,-68.15,48.18,87,90,10.36,thunderstorm with light rain
524,Ankazoabo,MG,-22.2833,44.5167,81.95,46,0,6.11,clear sky
525,Hofn,IS,64.2539,-15.2082,29.25,60,30,7.87,scattered clouds
526,Dubbo,AU,-32.25,148.6167,77.13,44,40,18.41,scattered clouds
527,Touros,BR,-5.1989,-35.4608,81.5,82,17,12.44,few clouds
528,Manica,FR,49.0,-1.1667,40.41,85,56,8.57,broken clouds
529,Cockburn Town,TC,21.4612,-71.1419,80.4,74,28,22.01,scattered clouds
530,Chapayevka,UA,47.4711,36.3451,33.31,98,100,11.12,overcast clouds
531,Nemuro,JP,43.3236,145.575,36.0,46,12,15.28,few clouds
532,Rabat,MA,33.9911,-6.8401,50.07,93,38,5.75,scattered clouds
533,Hoquiam,US,46.9809,-123.8893,42.93,92,1,4.61,clear sky
534,Hervey Bay,AU,-25.2986,152.8535,82.51,67,68,7.0,broken clouds
535,Ascension,US,30.2169,-90.9001,64.0,93,1,0.0,clear sky
536,Kieta,PG,-6.2167,155.6333,83.46,79,100,2.51,moderate rain
537,Chernyshevskiy,RU,63.0128,112.4714,-5.03,91,100,10.96,overcast clouds
538,Altay,CN,47.8667,88.1167,26.28,56,25,5.66,scattered clouds
539,Peno,RU,56.9262,32.7426,19.62,96,100,4.29,overcast clouds
540,Sambava,MG,-14.2667,50.1667,77.77,81,29,8.41,light rain
541,Cayenne,GF,4.9333,-52.3333,75.24,92,90,0.0,mist
542,Amga,RU,60.8953,131.9608,-1.7,96,99,3.11,overcast clouds
543,Rantoul,US,40.3084,-88.1559,34.09,72,1,1.99,clear sky
544,Troitsko-Pechorsk,RU,62.7084,56.1964,1.62,95,100,9.86,light snow
545,Mercedes,AR,-34.6515,-59.4307,69.84,80,84,7.54,broken clouds
546,Broome,US,42.2506,-75.833,34.86,67,90,1.99,overcast clouds
547,Magadi,IN,12.9667,77.2333,79.38,73,21,4.29,few clouds
548,Viedma,AR,-40.8135,-62.9967,56.62,57,5,11.81,clear sky
549,Oranjemund,NA,-28.55,16.4333,59.54,90,57,9.15,broken clouds
550,Victor Harbor,AU,-35.5667,138.6167,82.18,66,100,3.0,overcast clouds
551,Kidal,ML,18.4411,1.4078,70.75,17,100,7.31,overcast clouds
552,Shemonaikha,KZ,50.6328,81.9056,16.72,99,100,2.59,overcast clouds
553,Benxi,CN,41.2886,123.765,46.72,67,3,9.1,clear sky
554,Cravo Norte,CO,6.3017,-70.2041,80.28,62,99,5.46,overcast clouds
555,Aswan,EG,24.0934,32.907,63.45,26,1,2.82,clear sky
556,Victoria Point,AU,-27.5833,153.3,80.82,68,56,8.99,broken clouds
557,Evanston,US,42.0411,-87.6901,38.95,37,90,5.01,overcast clouds
558,Valle De Allende,MX,26.9333,-105.4,60.22,47,80,4.9,broken clouds
559,Ous,RU,60.9058,61.5186,0.99,95,100,6.8,overcast clouds
560,Rorvik,NO,64.8621,11.2373,24.53,66,8,29.77,clear sky
561,Ugoofaaru,MV,5.6667,73.0,82.35,75,32,8.32,scattered clouds
562,Lesogorskiy,RU,61.0455,28.9294,13.86,83,17,8.86,few clouds
563,Codajas,BR,-3.8367,-62.0569,72.79,98,61,2.66,broken clouds
564,Logresti,RO,44.9,23.7,32.54,91,100,0.63,overcast clouds
565,Berlevag,NO,70.8578,29.0864,16.83,83,63,23.04,broken clouds
566,Zhigansk,RU,66.7697,123.3711,-13.13,98,100,11.1,light snow
567,Todos Santos,MX,23.45,-110.2167,77.0,79,96,6.42,overcast clouds
568,Wakefield,GB,53.6809,-1.499,42.04,77,96,16.87,overcast clouds
569,Gebre Guracha,ET,9.8,38.4,49.26,55,0,2.77,clear sky
570,Ulladulla,AU,-35.35,150.4667,63.88,56,100,9.01,overcast clouds
571,Peterhead,GB,57.5058,-1.7981,42.12,68,100,30.58,overcast clouds
572,Kuantan,MY,3.8077,103.326,84.31,70,20,6.91,few clouds
573,Conway,US,35.0887,-92.4421,58.84,66,90,8.05,overcast clouds
574,Zaysan,KZ,47.4667,84.8667,23.61,88,100,2.01,overcast clouds
575,Neftcala,AZ,39.3742,49.2472,46.69,86,55,7.29,broken clouds
576,Shushtar,IR,32.0455,48.8567,58.3,39,70,1.19,broken clouds
577,San Andres,CO,12.5847,-81.7006,82.42,78,75,12.66,broken clouds
578,Evensk,RU,61.95,159.2333,-4.79,81,96,4.16,overcast clouds
579,Serabu,SL,7.7958,-12.0536,74.1,96,43,2.39,scattered clouds
580,Baruun-Urt,MN,46.6806,113.2792,29.68,47,7,10.76,clear sky
581,Northport,US,33.229,-87.5772,64.17,96,40,0.0,mist
582,Senno,RU,59.5336,33.9167,2.3,93,100,5.95,overcast clouds
583,Saint-Augustin,CA,51.226,-58.6502,20.17,63,17,15.84,few clouds
584,Marsh Harbour,BS,26.5412,-77.0636,75.6,67,97,11.63,overcast clouds
585,Otradnoye,RU,59.7775,30.8181,9.18,93,86,6.51,overcast clouds
586,Bend,US,44.0582,-121.3153,51.08,70,1,3.0,clear sky
587,Boralday,KZ,43.3578,76.8594,33.66,93,20,4.47,mist
588,Conakry,GN,9.538,-13.6773,80.67,89,40,11.5,scattered clouds
589,Barcelona,ES,41.3888,2.159,52.75,65,20,4.0,few clouds
590,Mirnyy,RU,62.5353,113.9611,0.23,64,100,11.01,overcast clouds
591,Kudahuvadhoo,MV,2.6708,72.8944,82.18,77,23,11.3,few clouds
592,La Venta Del Astillero,MX,20.7167,-103.5333,63.75,50,23,2.84,few clouds
593,Oltu,TR,40.5498,42.0013,33.39,69,100,5.68,overcast clouds
594,Teguise,ES,29.0605,-13.564,57.42,72,0,9.22,clear sky
595,Caravelas,BR,-17.7125,-39.2481,70.92,94,5,3.69,clear sky
596,Genhe,CN,50.7833,121.5167,19.24,80,93,4.25,overcast clouds
597,Mombetsu,JP,44.3525,143.3525,37.85,51,40,17.27,scattered clouds
598,Verkhnyaya Inta,RU,65.9811,60.3094,-12.62,85,83,3.96,broken clouds
599,Saint-Pierre,RE,-21.3393,55.4781,83.84,67,0,3.44,clear sky
600,Usoke,TZ,-5.1667,32.35,68.67,65,100,6.71,overcast clouds
601,Saryozek,KZ,44.3583,77.9753,43.79,42,100,1.3,overcast clouds
602,Bacolod,PH,10.6667,122.95,81.28,74,98,18.92,overcast clouds
603,Ontario,US,34.0633,-117.6509,62.87,78,20,0.0,haze
604,Lompoc,US,34.6391,-120.4579,55.13,87,1,0.0,clear sky
605,Northam,GB,51.0333,-4.2167,45.39,67,93,28.86,overcast clouds
606,Carbonia,IT,39.1672,8.5222,54.0,83,52,9.48,moderate rain
607,Ati,TD,13.2154,18.3353,73.38,16,39,10.56,scattered clouds
608,Xingcheng,CN,40.6167,120.7167,47.88,50,0,17.25,clear sky
609,Bhadrachalam,IN,17.6667,80.8833,77.05,72,55,5.41,broken clouds
610,Halle,DE,51.5,12.0,41.05,84,90,1.99,overcast clouds
611,Priargunsk,RU,50.3691,119.1012,17.28,81,57,2.37,broken clouds
612,Samfya,ZM,-11.3649,29.5565,70.56,54,23,5.73,few clouds
613,Morehead,US,37.2711,-87.1764,50.11,66,1,0.0,clear sky
614,Lovington,US,32.944,-103.3485,53.64,39,97,7.54,overcast clouds
615,Eston,CA,51.1501,-108.7514,26.49,93,100,3.56,overcast clouds
616,Acapulco,MX,16.8634,-99.8901,78.62,83,1,2.3,clear sky
617,Kapuskasing,CA,49.4169,-82.4331,3.29,85,75,6.91,light snow
618,Staroutkinsk,RU,57.2302,59.3348,28.49,87,100,8.14,overcast clouds
619,Takaka,NZ,-40.85,172.8,68.38,97,100,8.84,overcast clouds
620,Smidovich,RU,48.6,133.8167,9.68,88,27,7.78,scattered clouds
621,Abu Zabad,SD,12.35,29.25,69.78,27,2,9.84,clear sky
622,Pathalgaon,IN,22.5667,83.4667,72.46,47,100,5.97,overcast clouds
623,Tangzhai,CN,34.4328,116.5911,55.56,30,0,7.4,clear sky
624,Gubkinskiy,RU,64.434,76.5026,-14.78,97,100,7.58,overcast clouds
625,Concordia,AR,-31.393,-58.0209,68.79,74,38,3.0,scattered clouds
626,Asuncion Nochixtlan,MX,17.4667,-97.2333,49.91,97,10,4.56,clear sky
627,Astana,KZ,51.1801,71.446,21.15,93,90,4.47,fog
628,Fare,PF,-16.7,-151.0167,81.43,64,49,13.06,scattered clouds
629,Sao Filipe,CV,14.8961,-24.4956,75.15,75,100,9.17,overcast clouds
630,Beloha,MG,-25.1667,45.05,80.13,66,11,0.98,few clouds
631,The Valley,AI,18.217,-63.0578,81.1,76,3,18.63,clear sky
632,Yumen,CN,40.2833,97.2,41.58,16,10,9.57,clear sky
633,Yaan,NG,7.3833,8.5667,76.39,34,100,2.28,overcast clouds
634,Camargo,MX,27.6667,-105.1667,65.95,39,100,5.66,overcast clouds
635,Ereymentau,KZ,51.6199,73.1033,18.84,93,87,4.94,overcast clouds
636,Kasongo,CD,-4.45,26.6667,66.56,99,100,1.97,light rain
637,Talaya,RU,61.3833,152.75,-37.3,100,86,0.69,overcast clouds
638,Taoudenni,ML,22.6783,-3.9836,54.01,25,5,11.07,clear sky
639,Kutum,SD,14.2,24.6667,62.55,32,4,6.08,clear sky
640,Xuddur,SO,4.1213,43.8894,70.47,78,75,14.99,broken clouds
641,Pimentel,PE,-6.8367,-79.9342,66.06,86,100,12.5,overcast clouds
642,Irara,BR,-12.05,-38.7667,70.23,98,50,5.03,light rain
643,Chintamani,IN,13.4,78.0667,75.45,66,2,5.03,clear sky
644,Ilihan,PH,13.6256,121.0753,80.64,64,84,15.01,broken clouds
645,Vedasandur,IN,10.5333,77.95,80.56,76,4,2.04,clear sky
646,Tura,IN,25.5198,90.2201,76.15,54,76,1.68,broken clouds
647,Sorland,NO,67.667,12.6934,27.9,66,23,13.58,few clouds
648,Salym,RU,60.0625,71.4789,29.5,98,100,5.77,snow
649,Vestmannaeyjar,IS,63.4427,-20.2734,38.75,70,99,29.82,overcast clouds
650,Houma,US,29.5958,-90.7195,64.0,98,0,1.01,clear sky
651,Hami,CN,42.8,93.45,30.52,45,100,2.73,overcast clouds
652,Rehoboth,NA,-23.3167,17.0833,52.79,44,0,7.07,clear sky
653,Gat,IL,31.61,34.7642,59.09,9,76,8.12,broken clouds
654,Gunupur,IN,19.0833,83.8167,69.62,94,100,5.68,overcast clouds
655,Grindavik,IS,63.8424,-22.4338,36.07,80,90,19.57,overcast clouds
656,Balkanabat,TM,39.5108,54.3671,45.43,56,0,7.56,clear sky
657,Port Hedland,AU,-20.3167,118.5667,113.05,9,21,11.5,few clouds
658,Tocopilla,CL,-22.092,-70.1979,67.28,68,18,3.2,few clouds
659,Kisangani,CD,0.5167,25.2,71.29,99,100,3.29,light rain
660,Mogadishu,SO,2.0371,45.3438,79.63,73,95,16.35,overcast clouds
661,Sjenica,RS,43.2731,19.9994,25.74,93,35,6.17,scattered clouds
662,Cascais,PT,38.6979,-9.4215,55.06,75,4,1.01,clear sky
663,Parintins,BR,-2.6283,-56.7358,74.41,94,99,2.59,overcast clouds
664,Benguela,AO,-12.5763,13.4055,76.41,84,98,4.03,light rain
665,Napoleon,US,41.3923,-84.1252,37.44,65,98,3.85,overcast clouds
666,Huarmey,PE,-10.0681,-78.1522,66.9,86,100,8.86,overcast clouds
667,Mugur-Aksy,RU,50.35,90.5,15.75,63,18,5.66,few clouds
668,Kailua,US,21.4022,-157.7394,70.74,73,100,18.01,light rain
669,Saintes,FR,45.6667,-0.75,42.49,75,100,16.2,light rain
670,Jibuti,DJ,11.5,42.5,71.02,69,0,10.45,clear sky
671,Vaitape,PF,-16.5167,-151.75,81.05,67,40,12.77,scattered clouds
672,Xunchang,CN,28.4543,104.715,58.42,66,100,1.68,overcast clouds
673,Winsum,NL,53.33,6.5208,39.97,96,100,10.33,overcast clouds
674,Oranjestad,AW,12.524,-70.027,80.55,83,20,13.8,few clouds
675,Qui Nhon,VN,13.7667,109.2333,71.62,78,100,19.82,overcast clouds
676,Dhidhdhoo,MV,6.8833,73.1,82.31,72,76,5.01,broken clouds
677,Bouza,NE,14.4229,6.0428,66.09,19,1,8.37,clear sky
678,Formosa,AR,-26.1775,-58.1781,73.38,78,0,6.91,clear sky
679,Areosa,PT,41.7178,-8.8571,54.32,81,43,14.45,scattered clouds
680,Haines Junction,CA,60.7522,-137.5108,-38.25,74,19,1.14,few clouds
681,La Ciotat,FR,43.1748,5.6045,48.07,75,54,18.25,broken clouds
682,Constitucion,CL,-35.3333,-72.4167,61.34,57,0,8.01,clear sky
683,Hamilton,US,39.1834,-84.5333,41.04,71,1,5.75,clear sky
684,Chanute,US,37.6792,-95.4572,57.09,50,90,4.61,overcast clouds
685,Navahrudak,BY,53.6,25.8333,19.63,95,52,2.1,broken clouds
686,Faya,SA,18.3851,42.4509,45.12,41,0,2.15,clear sky
687,Almaznyy,RU,48.0448,40.045,35.74,97,100,9.33,moderate rain
